{"_runtime":2.995401,"_step":1,"_wandb":{"runtime":3},"generation":1,"max_fitness":1,"avg_fitness":0.03557176283925589,"_timestamp":1.732852233370847e+09}