{"_wandb":{"runtime":43},"_timestamp":1.7328520949732301e+09,"_runtime":43.662448,"_step":214,"generation":214,"max_fitness":1,"avg_fitness":0.029102772991953154}