{"_timestamp":1.7328518333891358e+09,"_runtime":56.932152,"_step":307,"generation":307,"max_fitness":1,"_wandb":{"runtime":57},"avg_fitness":0.026979610875207886}