{"_step":0,"generation":0,"max_fitness":1,"avg_fitness":0.04281080077048815,"_timestamp":1.732842032774549e+09,"_wandb":{"runtime":0},"_runtime":0.775956}