{"max_fitness":1,"avg_fitness":0.03459009036587145,"_timestamp":1.73285221712902e+09,"_wandb":{"runtime":6},"_runtime":6.368459,"_step":32,"generation":32}