{"generation":0,"_wandb":{"runtime":0},"max_fitness":1,"avg_fitness":0.032082765625464416,"_timestamp":1.732840927578998e+09,"_runtime":0.675404,"_step":0}