{"_timestamp":1.7328296838029566e+09,"_runtime":7.9789008,"_step":50,"_wandb":{"runtime":8},"generation":50,"max_fitness":1,"avg_fitness":0.055295949732760245}