{"_step":0,"_wandb":{"runtime":2},"generation":0,"max_fitness":1,"avg_fitness":0.04470351708239189,"_timestamp":1.7328420403681521e+09,"_runtime":2.067596}