{"max_fitness":1,"avg_fitness":0.03697656934660912,"_timestamp":1.732852150635078e+09,"_runtime":0.641836,"_wandb":{"runtime":0},"_step":0,"generation":0}