{"_timestamp":1.73285092556124e+09,"_runtime":2.010043,"_step":7,"_wandb":{"runtime":2},"generation":7,"max_fitness":1,"avg_fitness":0.0640370854463732}