{"max_fitness":1,"_wandb":{"runtime":54},"avg_fitness":0.02970334004465621,"_timestamp":1.732841557674222e+09,"_runtime":54.468391,"_step":171,"generation":171}