{"_wandb":{"runtime":3},"_timestamp":1.7328297293828685e+09,"_runtime":3.4186538,"_step":19,"generation":19,"max_fitness":1,"avg_fitness":0.04621300444972578}