{"_step":82,"generation":82,"max_fitness":1,"avg_fitness":0.03406305149688155,"_wandb":{"runtime":29},"_timestamp":1.732841596886801e+09,"_runtime":28.975659}