{"generation":100,"max_fitness":0.14285714285714285,"avg_fitness":0.022493111744390414,"_timestamp":1.7327771104324808e+09,"_wandb":{"runtime":19},"_runtime":19.5494485,"_step":100}