{"_timestamp":1.732818630389216e+09,"_runtime":17.8141693,"_step":100,"_wandb":{"runtime":17},"generation":100,"max_fitness":0.14285714285714285,"avg_fitness":0.022357074349203452}