{"avg_fitness":0.032607473641568345,"_timestamp":1.732841566048052e+09,"_runtime":6.701459,"_step":19,"_wandb":{"runtime":6},"generation":19,"max_fitness":1}