{"_timestamp":1.732840865099877e+09,"_runtime":8.357457,"_wandb":{"runtime":8},"_step":23,"generation":23,"max_fitness":1,"avg_fitness":0.05666383833303713}