{"_wandb":{"runtime":1},"max_fitness":1,"avg_fitness":0.061889073971151926,"_timestamp":1.732850930038195e+09,"_runtime":1.633905,"_step":5,"generation":5}