{"avg_fitness":0.0354141112006593,"_timestamp":1.732852206613626e+09,"_runtime":1.936093,"_wandb":{"runtime":2},"_step":7,"generation":7,"max_fitness":1}