{"_wandb":{"runtime":4},"max_fitness":1,"avg_fitness":0.045857948143160916,"_timestamp":1.7328415016141021e+09,"_runtime":4.642067,"_step":13,"generation":13}