{"generation":10,"max_fitness":1,"avg_fitness":0.03599051320828052,"_timestamp":1.732852137534078e+09,"_runtime":3.029731,"_step":10,"_wandb":{"runtime":3}}