{"_runtime":1.6220001,"_step":8,"_wandb":{"runtime":1},"generation":8,"max_fitness":1,"avg_fitness":0.06597187222821879,"_timestamp":1.7328296742610793e+09}