{"generation":2,"max_fitness":1,"avg_fitness":0.033861033862595126,"_timestamp":1.7328521773532102e+09,"_runtime":1.171528,"_step":2,"_wandb":{"runtime":1}}