{"_step":10,"_wandb":{"runtime":4},"generation":10,"max_fitness":1,"avg_fitness":0.04320131723716113,"_timestamp":1.732842134077693e+09,"_runtime":4.12962}