{"_timestamp":1.7328293983830187e+09,"_runtime":0.5226623,"_wandb":{"runtime":0},"_step":0,"generation":0,"max_fitness":0.09090909090909091,"avg_fitness":0.022780561403056548}