{"generation":208,"max_fitness":1,"_wandb":{"runtime":83},"avg_fitness":0.08445794205794184,"_timestamp":1.7328411622102752e+09,"_runtime":83.686774,"_step":208}