{"_step":4,"generation":4,"max_fitness":1,"avg_fitness":0.07435270254341451,"_wandb":{"runtime":2},"_timestamp":1.732842030286133e+09,"_runtime":2.532645}