{"generation":71,"max_fitness":1,"avg_fitness":0.034683785471581595,"_wandb":{"runtime":14},"_timestamp":1.732851398114614e+09,"_runtime":14.471822,"_step":71}