{"_wandb":{"runtime":8},"generation":39,"max_fitness":1,"avg_fitness":0.040036129926832136,"_timestamp":1.732852148256001e+09,"_runtime":8.374198,"_step":39}