{"_step":8,"generation":8,"max_fitness":1,"avg_fitness":0.06869497616246822,"_timestamp":1.732840854933973e+09,"_wandb":{"runtime":3},"_runtime":3.349015}