{"avg_fitness":0.03209410617115714,"_timestamp":1.7328514288722e+09,"_runtime":8.335022,"_step":39,"_wandb":{"runtime":8},"generation":39,"max_fitness":1}