{"max_fitness":1,"avg_fitness":0.02795984964287412,"_timestamp":1.732851483559757e+09,"_runtime":52.888523,"_step":260,"generation":260,"_wandb":{"runtime":53}}