{"generation":15,"max_fitness":1,"avg_fitness":0.036716351909345885,"_timestamp":1.7328521670171058e+09,"_runtime":3.561981,"_step":15,"_wandb":{"runtime":3}}