{"_wandb":{"runtime":24},"_timestamp":1.732851677694009e+09,"_runtime":24.018601,"_step":111,"generation":111,"max_fitness":1,"avg_fitness":0.03010368109915606}