{"_timestamp":1.732851538780409e+09,"_runtime":53.41414,"_step":262,"generation":262,"max_fitness":1,"_wandb":{"runtime":53},"avg_fitness":0.025694651957334065}