{"_step":1,"generation":1,"_wandb":{"runtime":1},"max_fitness":1,"avg_fitness":0.05122981407194702,"_timestamp":1.732842121497691e+09,"_runtime":0.974369}