{"max_fitness":1,"avg_fitness":0.035743502568786556,"_timestamp":1.732852184204609e+09,"_runtime":0.588393,"_wandb":{"runtime":0},"_step":0,"generation":0}