{"_wandb":{"runtime":99},"generation":523,"max_fitness":1,"avg_fitness":0.029481482430363196,"_timestamp":1.732851982426944e+09,"_runtime":99.040478,"_step":523}