{"_timestamp":1.732841167813209e+09,"_runtime":3.938461,"_step":10,"_wandb":{"runtime":4},"generation":10,"max_fitness":1,"avg_fitness":0.08529698797934084}