{"_wandb":{"runtime":2},"generation":7,"max_fitness":1,"avg_fitness":0.06455541293931369,"_timestamp":1.732850933914772e+09,"_runtime":2.199373,"_step":7}