{"max_fitness":1,"avg_fitness":0.04255494166359187,"_timestamp":1.732839563119533e+09,"_runtime":0.706943,"_step":0,"_wandb":{"runtime":0},"generation":0}