{"avg_fitness":0.02994756525140553,"_timestamp":1.732851644489752e+09,"_runtime":103.845235,"_step":492,"generation":492,"max_fitness":1,"_wandb":{"runtime":104}}