{"avg_fitness":0.04318253883209317,"_timestamp":1.732852181916075e+09,"_runtime":2.839219,"_step":12,"generation":12,"max_fitness":1,"_wandb":{"runtime":2}}