{"_timestamp":1.7328511259218051e+09,"_wandb":{"runtime":1},"_runtime":1.644615,"_step":5,"generation":5,"max_fitness":1,"avg_fitness":0.0340957532704141}