{"_wandb":{"runtime":31},"avg_fitness":0.028064349002848512,"_timestamp":1.732852127825836e+09,"_runtime":30.963508,"_step":150,"generation":150,"max_fitness":1}