{"_timestamp":1.7328522244408479e+09,"_wandb":{"runtime":5},"_runtime":5.62736,"_step":26,"generation":26,"max_fitness":1,"avg_fitness":0.03823023121253053}