{"generation":11,"max_fitness":1,"avg_fitness":0.041150714668461146,"_wandb":{"runtime":2},"_timestamp":1.7328511054358668e+09,"_runtime":2.833029,"_step":11}