{"avg_fitness":0.08192836953208485,"_timestamp":1.732829720626524e+09,"_runtime":1.0577447,"_step":4,"_wandb":{"runtime":1},"generation":4,"max_fitness":1}