{"generation":854,"max_fitness":1,"avg_fitness":0.04478626974987749,"_timestamp":1.732839222497262e+09,"_wandb":{"runtime":282},"_runtime":282.532304,"_step":854}