{"generation":21,"max_fitness":1,"avg_fitness":0.029135327170370928,"_timestamp":1.732851651992584e+09,"_runtime":5.683298,"_wandb":{"runtime":5},"_step":21}