{"_timestamp":1.732839570168703e+09,"_runtime":1.581511,"_step":3,"_wandb":{"runtime":1},"generation":3,"max_fitness":1,"avg_fitness":0.07170786420322003}