{"_wandb":{"runtime":18},"max_fitness":1,"avg_fitness":0.03993242338042866,"_timestamp":1.73285141842867e+09,"_runtime":18.428303,"_step":91,"generation":91}