{"_wandb":{"runtime":1},"avg_fitness":0.03519596228096255,"_timestamp":1.732852161685836e+09,"_runtime":1.297067,"_step":3,"generation":3,"max_fitness":1}