{"_step":1,"_wandb":{"runtime":1},"generation":1,"max_fitness":1,"avg_fitness":0.04843401134593534,"_timestamp":1.732842075127427e+09,"_runtime":1.009628}