{"generation":421,"max_fitness":1,"avg_fitness":0.09987594627594618,"_wandb":{"runtime":147},"_timestamp":1.732841076838146e+09,"_runtime":147.316368,"_step":421}