{"_wandb":{"runtime":8},"generation":39,"max_fitness":1,"avg_fitness":0.030522688783295122,"_timestamp":1.7328513818254132e+09,"_runtime":8.191024,"_step":39}