{"_wandb":{"runtime":6},"_timestamp":1.732840836310636e+09,"_runtime":6.245334,"_step":17,"generation":17,"max_fitness":1,"avg_fitness":0.09742612942612931}