{"generation":248,"max_fitness":1,"avg_fitness":0.08683973803973782,"_timestamp":1.7328389297357051e+09,"_runtime":95.772879,"_step":248,"_wandb":{"runtime":95}}