{"_wandb":{"runtime":2},"_step":4,"generation":4,"max_fitness":1,"avg_fitness":0.07857403112883006,"_timestamp":1.7328420815079198e+09,"_runtime":1.91071}