{"_wandb":{"runtime":334},"_timestamp":1.732839559813517e+09,"_runtime":334.635513,"_step":993,"generation":993,"max_fitness":1,"avg_fitness":0.037117317499119964}