{"_step":4,"generation":4,"_wandb":{"runtime":1},"max_fitness":1,"avg_fitness":0.07413247117519563,"_timestamp":1.73283023396532e+09,"_runtime":1.1215796}