{"_timestamp":1.7328185723948796e+09,"_wandb":{"runtime":18},"_runtime":18.059744,"_step":100,"generation":100,"max_fitness":0.3333333333333333,"avg_fitness":0.023768691583374937}