{"avg_fitness":0.03500003186518076,"_timestamp":1.732852132647632e+09,"_runtime":0.599985,"_wandb":{"runtime":0},"_step":0,"generation":0,"max_fitness":1}