{"_step":9,"generation":9,"_wandb":{"runtime":4},"max_fitness":1,"avg_fitness":0.07535226988353938,"_timestamp":1.732838937360188e+09,"_runtime":4.687873}