{"generation":15,"max_fitness":1,"avg_fitness":0.02828130553035936,"_wandb":{"runtime":3},"_timestamp":1.732851727330936e+09,"_runtime":3.2547,"_step":15}