{"_wandb":{"runtime":4},"_runtime":4.743044,"_step":13,"generation":13,"max_fitness":1,"avg_fitness":0.04685419541185644,"_timestamp":1.732839579620561e+09}