{"generation":3,"max_fitness":1,"_wandb":{"runtime":1},"avg_fitness":0.044217310533484655,"_timestamp":1.7328302480635474e+09,"_runtime":1.2455494,"_step":3}