{"generation":0,"max_fitness":0.05263157894736842,"avg_fitness":0.027066913693432993,"_timestamp":1.732840787757879e+09,"_runtime":0.682252,"_step":0,"_wandb":{"runtime":0}}