{"avg_fitness":0.08674781427722587,"_timestamp":1.7328300763222895e+09,"_runtime":2.1039574,"_wandb":{"runtime":2},"_step":10,"generation":10,"max_fitness":1}