{"generation":241,"max_fitness":1,"avg_fitness":0.026082188793828013,"_wandb":{"runtime":46},"_timestamp":1.732851880142941e+09,"_runtime":44.864911,"_step":241}