{"_timestamp":1.732851704275266e+09,"_runtime":17.327137,"_wandb":{"runtime":17},"_step":92,"generation":92,"max_fitness":1,"avg_fitness":0.039606445221986336}