{"_timestamp":1.732852130174984e+09,"_runtime":0.609606,"_step":0,"_wandb":{"runtime":0},"generation":0,"max_fitness":1,"avg_fitness":0.032980981847840846}