{"max_fitness":1,"avg_fitness":0.03480310178224823,"_timestamp":1.732852227367271e+09,"_wandb":{"runtime":2},"_runtime":1.13117,"_step":3,"generation":3}