{"avg_fitness":0.035655859026299946,"_timestamp":1.7328522399547431e+09,"_runtime":0.866383,"_step":1,"generation":1,"_wandb":{"runtime":1},"max_fitness":1}