{"avg_fitness":0.10062666222666211,"_wandb":{"runtime":4},"_timestamp":1.732841182730276e+09,"_runtime":4.545469,"_step":11,"generation":11,"max_fitness":1}