{"_runtime":3.74363,"_step":16,"generation":16,"_wandb":{"runtime":3},"max_fitness":1,"avg_fitness":0.042067325399363205,"_timestamp":1.732851110970793e+09}