{"avg_fitness":0.08331309997192328,"_timestamp":1.73284084267326e+09,"_wandb":{"runtime":4},"_runtime":4.694777,"_step":12,"generation":12,"max_fitness":1}