{"_timestamp":1.7328420673719811e+09,"_runtime":11.07228,"_step":29,"generation":29,"_wandb":{"runtime":11},"max_fitness":1,"avg_fitness":0.09667701187701178}