{"_wandb":{"runtime":144},"generation":869,"max_fitness":1,"avg_fitness":0.0346380353333373,"_timestamp":1.73283023102395e+09,"_runtime":144.567844,"_step":869}