{"_step":16,"generation":16,"max_fitness":1,"avg_fitness":0.09153921633921618,"_timestamp":1.7328296427991138e+09,"_runtime":3.2801481,"_wandb":{"runtime":3}}