{"_wandb":{"runtime":3},"_runtime":3.330761,"_step":3,"generation":3,"max_fitness":1,"avg_fitness":0.07090451921659333,"_timestamp":1.732842072376178e+09}