{"_wandb":{"runtime":6},"_step":8,"generation":8,"max_fitness":1,"avg_fitness":0.06858556345615154,"_timestamp":1.7328411764371462e+09,"_runtime":6.807233}