{"_wandb":{"runtime":45},"avg_fitness":0.04612911409265216,"_timestamp":1.732841421569194e+09,"_runtime":44.930278,"_step":147,"generation":147,"max_fitness":1}