{"_timestamp":1.7328420850181708e+09,"_runtime":1.810359,"_step":4,"_wandb":{"runtime":2},"generation":4,"max_fitness":1,"avg_fitness":0.07172736613231949}