{"_timestamp":1.732829713545413e+09,"_runtime":28.0308836,"_step":174,"generation":174,"max_fitness":1,"avg_fitness":0.03245670113577112,"_wandb":{"runtime":28}}