{"_wandb":{"runtime":17},"generation":49,"max_fitness":1,"avg_fitness":0.07046678667946657,"_timestamp":1.7328421042867808e+09,"_runtime":17.415185,"_step":49}