{"_wandb":{"runtime":15},"_step":82,"generation":82,"max_fitness":1,"avg_fitness":0.03352292187053425,"_timestamp":1.7328517223820229e+09,"_runtime":15.408284}