{"_timestamp":1.7328513717206998e+09,"_runtime":15.049883,"_step":73,"_wandb":{"runtime":15},"generation":73,"max_fitness":1,"avg_fitness":0.03246109564802508}