{"_step":6,"generation":6,"max_fitness":1,"avg_fitness":0.06186346556032892,"_wandb":{"runtime":2},"_timestamp":1.732850937987086e+09,"_runtime":1.9611640000000001}