{"_runtime":4.359832,"_step":21,"_wandb":{"runtime":5},"generation":21,"max_fitness":1,"avg_fitness":0.03215063865827867,"_timestamp":1.732851683718077e+09}