{"_timestamp":1.7328297178290577e+09,"_runtime":0.6535758,"_step":1,"generation":1,"max_fitness":1,"_wandb":{"runtime":0},"avg_fitness":0.050585424873898006}