{"_timestamp":1.732842128096952e+09,"_runtime":2.478134,"_step":4,"generation":4,"max_fitness":1,"avg_fitness":0.04204939668740645,"_wandb":{"runtime":2}}