{"generation":100,"max_fitness":0.14285714285714285,"avg_fitness":0.023000445090077242,"_timestamp":1.7328186110090723e+09,"_runtime":17.8711301,"_wandb":{"runtime":17},"_step":100}