{"_timestamp":1.732830242918691e+09,"_runtime":0.9561947,"_step":3,"generation":3,"max_fitness":1,"avg_fitness":0.07415083327405292,"_wandb":{"runtime":1}}