{"_timestamp":1.732852174505671e+09,"_runtime":0.470987,"_step":0,"generation":0,"max_fitness":1,"avg_fitness":0.03502569150298952,"_wandb":{"runtime":0}}