{"generation":134,"max_fitness":1,"avg_fitness":0.025907881454068093,"_timestamp":1.732852047218339e+09,"_runtime":28.672331,"_step":134,"_wandb":{"runtime":28}}