{"_wandb":{"runtime":2},"avg_fitness":0.06625849462602713,"_timestamp":1.732842054487029e+09,"_runtime":2.379248,"_step":5,"generation":5,"max_fitness":1}