{"_step":1,"generation":1,"max_fitness":1,"avg_fitness":0.05136805291097211,"_timestamp":1.732842077968381e+09,"_wandb":{"runtime":1},"_runtime":1.007482}