{"_step":5,"generation":5,"max_fitness":1,"_wandb":{"runtime":1},"avg_fitness":0.03444201848996546,"_timestamp":1.732852158388544e+09,"_runtime":1.605064}