{"avg_fitness":0.026130090708748232,"_timestamp":1.7328185516192782e+09,"_runtime":1.6203813,"_step":4,"_wandb":{"runtime":1},"generation":4,"max_fitness":1}