{"_step":100,"generation":100,"max_fitness":0.14285714285714285,"_wandb":{"runtime":19},"avg_fitness":0.022421268521031653,"_timestamp":1.7327771328566873e+09,"_runtime":19.6945589}