{"avg_fitness":0.027849930384147903,"_wandb":{"runtime":8},"_timestamp":1.7328517746810791e+09,"_runtime":8.627448,"_step":44,"generation":44,"max_fitness":1}