{"_runtime":5.329486,"_step":14,"_wandb":{"runtime":5},"generation":14,"max_fitness":1,"avg_fitness":0.09258190698190684,"_timestamp":1.732840849708757e+09}