{"_timestamp":1.732840828297955e+09,"_wandb":{"runtime":5},"_runtime":4.940351,"_step":13,"generation":13,"max_fitness":1,"avg_fitness":0.09830227289050807}