{"_step":23,"_wandb":{"runtime":4},"generation":23,"max_fitness":1,"avg_fitness":0.0882417138417137,"_timestamp":1.7328302403646262e+09,"_runtime":4.7571837}