{"_timestamp":1.732829892418352e+09,"_runtime":1.4951393,"_step":6,"_wandb":{"runtime":1},"generation":6,"max_fitness":1,"avg_fitness":0.0594956985581831}