{"max_fitness":1,"avg_fitness":0.0801999360117005,"_timestamp":1.732840924988746e+09,"_runtime":58.264305,"_step":172,"_wandb":{"runtime":58},"generation":172}