{"_step":11,"_wandb":{"runtime":2},"generation":11,"max_fitness":1,"avg_fitness":0.04258082067670437,"_timestamp":1.732851115553527e+09,"_runtime":2.80015}