{"_runtime":17.585274599999998,"_step":99,"_wandb":{"runtime":17},"generation":99,"max_fitness":1,"avg_fitness":0.028639269486283935,"_timestamp":1.732818591525093e+09}