{"_wandb":{"runtime":56},"generation":179,"max_fitness":1,"avg_fitness":0.04464819697371487,"_timestamp":1.732841374696494e+09,"_runtime":56.371742,"_step":179}