{"_wandb":{"runtime":1},"_runtime":0.998067,"_step":1,"generation":1,"max_fitness":1,"avg_fitness":0.06257246311738703,"_timestamp":1.732839573122303e+09}