{"_step":152,"_wandb":{"runtime":30},"generation":152,"max_fitness":1,"avg_fitness":0.02599073605588344,"_timestamp":1.732852015113488e+09,"_runtime":30.884911}