{"_runtime":1.782804,"_step":3,"_wandb":{"runtime":1},"generation":3,"max_fitness":1,"avg_fitness":0.07564318337321413,"_timestamp":1.732842021558092e+09}