{"max_fitness":1,"avg_fitness":0.0727918728614379,"_timestamp":1.7328421148830101e+09,"_runtime":8.77993,"_step":23,"_wandb":{"runtime":8},"generation":23}