{"avg_fitness":0.05040332295306092,"_timestamp":1.732842050379041e+09,"_runtime":1.105499,"_wandb":{"runtime":1},"_step":1,"generation":1,"max_fitness":1}