{"_step":100,"generation":100,"max_fitness":0.14285714285714285,"avg_fitness":0.024208331620270848,"_wandb":{"runtime":19},"_timestamp":1.7327771550509796e+09,"_runtime":19.6705727}