{"_timestamp":1.7328522029833448e+09,"_wandb":{"runtime":5},"_runtime":5.122017,"_step":24,"generation":24,"max_fitness":1,"avg_fitness":0.03772495299585944}