{"avg_fitness":0.04582016132455655,"_timestamp":1.7328300847959933e+09,"_runtime":6.8776883,"_step":37,"_wandb":{"runtime":6},"generation":37,"max_fitness":1}