{"_wandb":{"runtime":0},"generation":1,"max_fitness":1,"avg_fitness":0.025409512361088783,"_timestamp":1.732852049702709e+09,"_runtime":0.755704,"_step":1}