{"max_fitness":1,"_wandb":{"runtime":2},"avg_fitness":0.09339011315481889,"_timestamp":1.732842026027287e+09,"_runtime":2.598825,"_step":6,"generation":6}