{"_runtime":178.5030601,"_step":1034,"generation":1034,"max_fitness":1,"avg_fitness":0.11834370074370026,"_timestamp":1.7328300724992862e+09,"_wandb":{"runtime":178}}