{"avg_fitness":0.06702943089126952,"_timestamp":1.732842118889672e+09,"_runtime":2.191638,"_step":5,"_wandb":{"runtime":2},"generation":5,"max_fitness":1}