{"_wandb":{"runtime":17},"_runtime":17.389063,"_step":93,"generation":93,"max_fitness":1,"avg_fitness":0.03803488721158372,"_timestamp":1.732851746493175e+09}