{"_step":2,"generation":2,"max_fitness":1,"_wandb":{"runtime":1},"avg_fitness":0.04139657292672322,"_timestamp":1.7328411924245179e+09,"_runtime":1.3271410000000001}