{"generation":104,"max_fitness":1,"avg_fitness":0.030547566313873623,"_timestamp":1.732841633219038e+09,"_runtime":34.700757,"_step":104,"_wandb":{"runtime":34}}