{"_wandb":{"runtime":122},"avg_fitness":0.044950735856854475,"_timestamp":1.73284131666709e+09,"_runtime":122.635778,"_step":379,"generation":379,"max_fitness":1}