{"_timestamp":1.732842017931799e+09,"_runtime":383.057886,"_step":1200,"_wandb":{"runtime":383},"generation":1200,"max_fitness":0.3333333333333333,"avg_fitness":0.027121450981382557}