{"_runtime":26.6657621,"_step":158,"generation":158,"max_fitness":1,"_wandb":{"runtime":26},"avg_fitness":0.0777855974091266,"_timestamp":1.7328296710821018e+09}