{"_timestamp":1.732842143781496e+09,"_wandb":{"runtime":8},"_runtime":8.059494,"_step":22,"generation":22,"max_fitness":1,"avg_fitness":0.043208004432646586}