{"_runtime":5.004441,"_wandb":{"runtime":5},"_step":10,"generation":10,"max_fitness":1,"avg_fitness":0.08129954943577232,"_timestamp":1.732841189417608e+09}