{"avg_fitness":0.027984682802914513,"_timestamp":1.732840696239161e+09,"_runtime":0.754491,"_step":0,"_wandb":{"runtime":0},"generation":0,"max_fitness":0.06666666666666667}