{"avg_fitness":0.04722683927447758,"_timestamp":1.732841495306137e+09,"_runtime":72.052324,"_step":232,"_wandb":{"runtime":72},"generation":232,"max_fitness":1}