{"_runtime":2.045969,"_step":4,"generation":4,"max_fitness":1,"_wandb":{"runtime":2},"avg_fitness":0.07583599888243846,"_timestamp":1.732842036574035e+09}