{"max_fitness":1,"_wandb":{"runtime":2},"avg_fitness":0.036562654551465,"_timestamp":1.732852188216099e+09,"_runtime":2.241593,"_step":9,"generation":9}