{"max_fitness":1,"avg_fitness":0.03505090679111077,"_timestamp":1.7328521722704089e+09,"_runtime":3.487513,"_step":14,"_wandb":{"runtime":3},"generation":14}