{"avg_fitness":0.04567999511397924,"_timestamp":1.7328297155990357e+09,"_runtime":0.45679,"_step":0,"_wandb":{"runtime":0},"generation":0,"max_fitness":1}