{"_runtime":3.439759,"_step":8,"_wandb":{"runtime":3},"generation":8,"max_fitness":1,"avg_fitness":0.07123939562329651,"_timestamp":1.7328388303476381e+09}