{"max_fitness":1,"avg_fitness":0.07861565665157001,"_timestamp":1.732842046257254e+09,"_runtime":4.122497,"_step":10,"_wandb":{"runtime":5},"generation":10}