{"avg_fitness":0.03526082270480104,"_timestamp":1.7328521960898921e+09,"_runtime":5.996255,"_step":29,"_wandb":{"runtime":6},"generation":29,"max_fitness":1}