{"generation":23,"max_fitness":1,"avg_fitness":0.0560541782051296,"_timestamp":1.7328511225376692e+09,"_runtime":5.317876,"_wandb":{"runtime":5},"_step":23}