{"_runtime":5.429106,"_step":15,"_wandb":{"runtime":6},"generation":15,"max_fitness":1,"avg_fitness":0.04674638998539768,"_timestamp":1.732842154794435e+09}