{"_wandb":{"runtime":20},"_timestamp":1.7327771780079124e+09,"_runtime":20.2083301,"_step":100,"generation":100,"max_fitness":0.3333333333333333,"avg_fitness":0.022970590620520093}