{"_step":0,"generation":0,"max_fitness":1,"avg_fitness":0.0455166606086507,"_wandb":{"runtime":0},"_timestamp":1.732842123911988e+09,"_runtime":0.637689}