{"_runtime":17.6274238,"_step":94,"generation":94,"max_fitness":1,"avg_fitness":0.026534932922413264,"_timestamp":1.7327770870988612e+09,"_wandb":{"runtime":17}}