{"avg_fitness":0.06875046054736438,"_timestamp":1.7328297243088233e+09,"_runtime":2.0980548,"_wandb":{"runtime":2},"_step":11,"generation":11,"max_fitness":1}