{"max_fitness":1,"avg_fitness":0.06251847999744051,"_timestamp":1.732839566760075e+09,"_runtime":1.73597,"_step":3,"_wandb":{"runtime":1},"generation":3}