{"_timestamp":1.732852237023948e+09,"_runtime":1.8896380000000002,"_step":6,"_wandb":{"runtime":2},"generation":6,"max_fitness":1,"avg_fitness":0.03653979802041883}