{"max_fitness":1,"avg_fitness":0.02578251260752453,"_timestamp":1.732851764245192e+09,"_runtime":15.963723,"_step":83,"_wandb":{"runtime":16},"generation":83}