{"_step":2,"generation":2,"max_fitness":1,"avg_fitness":0.05426382831680392,"_wandb":{"runtime":0},"_timestamp":1.7328302452616684e+09,"_runtime":0.7342522}