{"_step":12,"generation":12,"_wandb":{"runtime":3},"max_fitness":1,"avg_fitness":0.07889711609340101,"_timestamp":1.732850942729543e+09,"_runtime":3.15777}