{"_step":1,"_wandb":{"runtime":0},"generation":1,"max_fitness":1,"avg_fitness":0.03434396036555419,"_timestamp":1.732852209007742e+09,"_runtime":0.754945}