{"_runtime":1.973748,"_step":4,"_wandb":{"runtime":2},"generation":4,"max_fitness":1,"avg_fitness":0.043832050789655005,"_timestamp":1.732842147527992e+09}