{"_wandb":{"runtime":2},"_step":7,"generation":7,"max_fitness":1,"avg_fitness":0.03408051759568119,"_timestamp":1.732852155114345e+09,"_runtime":2.534958}